Last,First,Suffix,FilingType,StateDst,Year,FilingDate,DocID
Allen, Richard W., P, GA12, 2023, 45079, 20022986
Allen, Richard W., P, GA12, 2023, 45148, 20023082
Allen, Richard W., P, GA12, 2023, 45177, 20023622
Allen, Richard W., P, GA12, 2023, 45204, 20023812
Allen, Richard W., P, GA12, 2023, 45246, 20024001
Allen, Richard W., P, GA12, 2023, 45279, 20024101
Axne, Cindy, P, IA03, 2023, 44928, 20022202
Babin, Brian, P, TX36, 2023, 45086, 20005641
Banks, James E Hon, P, IN03, 2023, 45098, 20023168
Bentz, Cliff, P, OR02, 2023, 45049, 20022850
Beyer, Donald Sternoff, P, VA08, 2023, 44988, 20022418
Beyer, Donald Sternoff, P, VA08, 2023, 45021, 20022603
Beyer, Donald Sternoff, P, VA08, 2023, 45045, 20022807
Beyer, Donald Sternoff, P, VA08, 2023, 45108, 20023129
Beyer, Donald Sternoff, P, VA08, 2023, 45200, 20023758
Bice, Stephanie, P, OK05, 2023, 45150, 20023437
Bishop, Dan Daniel, P, NC08, 2023, 45050, 20022126
Bishop, Dan Daniel, P, NC08, 2023, 45053, 20022876
Bishop, Dan Daniel, P, NC08, 2023, 45184, 20023712
Bishop, Dan Daniel, P, NC08, 2023, 45226, 20023903
Blumenauer, Earl, P, OR03, 2023, 44930, 20022225
Blumenauer, Earl, P, OR03, 2023, 44938, 20022271
Blumenauer, Earl, P, OR03, 2023, 44991, 20022521
Blumenauer, Earl, P, OR03, 2023, 44994, 20022546
Blumenauer, Earl, P, OR03, 2023, 45021, 20022667
Blumenauer, Earl, P, OR03, 2023, 45085, 20023073
Blumenauer, Earl, P, OR03, 2023, 45119, 20023218
Blumenauer, Earl, P, OR03, 2023, 45142, 20023435
Blumenauer, Earl, P, OR03, 2023, 45175, 20023615
Blumenauer, Earl, P, OR03, 2023, 45237, 20023955
Blumenauer, Earl, P, OR03, 2023, 45264, 20024076
Burgess, Michael C., P, TX26, 2023, 44951, 20022259
Burgess, Michael C., P, TX26, 2023, 44966, 20022391
Burgess, Michael C., P, TX26, 2023, 44988, 20022499
Burgess, Michael C., P, TX26, 2023, 44999, 20022541
Burgess, Michael C., P, TX26, 2023, 45030, 20022685
Burgess, Michael C., P, TX26, 2023, 45092, 20023153
Burgess, Michael C., P, TX26, 2023, 45125, 20023340
Burgess, Michael C., P, TX26, 2023, 45146, 20023382
Burgess, Michael C., P, TX26, 2023, 45174, 20023612
Burgess, Michael C., P, TX26, 2023, 45175, 20023623
Burgess, Michael C., P, TX26, 2023, 45202, 20023786
Burgess, Michael C., P, TX26, 2023, 45278, 20024169
Carter, Earl Leroy, P, GA01, 2023, 45055, 20022894
Clark, Katherine M., P, MA05, 2023, 44991, 20022509
Clark, Katherine M., P, MA05, 2023, 45085, 20022917
Clark, Katherine M., P, MA05, 2023, 45236, 20023950
Cohen, Steve, P, TN09, 2023, 44961, 20022368
Cohen, Steve, P, TN09, 2023, 44970, 20022428
Cohen, Steve, P, TN09, 2023, 45103, 20023162
Cohen, Steve, P, TN09, 2023, 45135, 20023392
Collins, Michael A., P, GA10, 2023, 45282, 20024042
Connolly, Gerald E., P, VA11, 2023, 44950, 20022309
Connolly, Gerald E., P, VA11, 2023, 45020, 20022660
Connolly, Gerald E., P, VA11, 2023, 45163, 20023575
Connolly, Gerald E., P, VA11, 2023, 45244, 20024004
Crenshaw, Daniel, P, TX02, 2023, 45036, 20022770
Curtis, John, P, UT03, 2023, 44936, 20022249
Curtis, John, P, UT03, 2023, 44970, 20022423
Curtis, John, P, UT03, 2023, 44998, 20022561
Curtis, John, P, UT03, 2023, 45012, 20022624
Curtis, John, P, UT03, 2023, 45056, 20022721
Curtis, John, P, UT03, 2023, 45079, 20023061
Curtis, John, P, UT03, 2023, 45145, 20023444
Curtis, John, P, UT03, 2023, 45203, 20023799
Curtis, John, P, UT03, 2023, 45246, 20023867
Curtis, John, P, UT03, 2023, 45275, 20024152
DelBene, Suzan K., P, WA01, 2023, 44928, 20022183
DelBene, Suzan K., P, WA01, 2023, 44947, 20022288
DelBene, Suzan K., P, WA01, 2023, 44963, 20022355
DelBene, Suzan K., P, WA01, 2023, 44976, 20022453
DelBene, Suzan K., P, WA01, 2023, 44992, 20022498
DelBene, Suzan K., P, WA01, 2023, 45005, 20022589
DelBene, Suzan K., P, WA01, 2023, 45026, 20022655
DelBene, Suzan K., P, WA01, 2023, 45052, 20022828
DelBene, Suzan K., P, WA01, 2023, 45071, 20022975
DelBene, Suzan K., P, WA01, 2023, 45084, 20023052
DelBene, Suzan K., P, WA01, 2023, 45091, 20023100
DelBene, Suzan K., P, WA01, 2023, 45100, 20023183
DelBene, Suzan K., P, WA01, 2023, 45114, 20023238
DelBene, Suzan K., P, WA01, 2023, 45132, 20023349
DelBene, Suzan K., P, WA01, 2023, 45146, 20023421
DelBene, Suzan K., P, WA01, 2023, 45180, 20023610
DelBene, Suzan K., P, WA01, 2023, 45194, 20023721
DelBene, Suzan K., P, WA01, 2023, 45209, 20023788
DelBene, Suzan K., P, WA01, 2023, 45238, 20023930
DelBene, Suzan K., P, WA01, 2023, 45256, 20024016
DelBene, Suzan K., P, WA01, 2023, 45273, 20024080
DelBene, Suzan K., P, WA01, 2023, 45283, 20024173
Dingell, Debbie, P, MI06, 2023, 44993, 20022528
Dingell, Debbie, P, MI06, 2023, 45000, 20022585
Dingell, Debbie, P, MI06, 2023, 45035, 20022749
Dingell, Debbie, P, MI06, 2023, 45061, 20022957
Dingell, Debbie, P, MI06, 2023, 45274, 20024143
Dingell, Debbie, P, MI12, 2023, 44927, 20022184
Dingell, Debbie, P, MI12, 2023, 44945, 20022293
Doggett, Lloyd, P, TX35, 2023, 44931, 20022228
Doggett, Lloyd, P, TX37, 2023, 44991, 20022517
Doggett, Lloyd, P, TX37, 2023, 45026, 20022697
Doggett, Lloyd, P, TX37, 2023, 45050, 20022859
Doggett, Lloyd, P, TX37, 2023, 45084, 20023097
Doggett, Lloyd, P, TX37, 2023, 45117, 20023279
Doggett, Lloyd, P, TX37, 2023, 45145, 20023456
Doggett, Lloyd, P, TX37, 2023, 45177, 20023652
Doggett, Lloyd, P, TX37, 2023, 45204, 20023810
Doggett, Lloyd, P, TX37, 2023, 45236, 20023962
Doggett, Lloyd, P, TX37, 2023, 45278, 20024166
Dunn, Neal Patrick MD, Facs, P, FL02, 2023, 44974, 20022361
Dunn, Neal Patrick MD, Facs, P, FL02, 2023, 45072, 20023022
Estes, Ron, P, KS04, 2023, 45199, 20023779
Evans, Dwight, P, PA03, 2023, 44994, 20022547
Evans, Dwight, P, PA03, 2023, 45112, 20023246
Flood, Mike, P, NE01, 2023, 45050, 20022861
Foxx, Virginia, P, NC05, 2023, 44929, 20022211
Foxx, Virginia, P, NC05, 2023, 44929, 20022213
Foxx, Virginia, P, NC05, 2023, 44960, 20022352
Foxx, Virginia, P, NC05, 2023, 44988, 20022504
Foxx, Virginia, P, NC05, 2023, 45020, 20022646
Foxx, Virginia, P, NC05, 2023, 45047, 20022822
Foxx, Virginia, P, NC05, 2023, 45079, 20023059
Foxx, Virginia, P, NC05, 2023, 45114, 20023237
Foxx, Virginia, P, NC05, 2023, 45135, 20023393
Foxx, Virginia, P, NC05, 2023, 45174, 20023613
Foxx, Virginia, P, NC05, 2023, 45205, 20023809
Foxx, Virginia, P, NC05, 2023, 45237, 20023946
Foxx, Virginia, P, NC05, 2023, 45265, 20024072
Frankel, Lois, P, FL21, 2023, 44932, 20022218
Frankel, Lois, P, FL22, 2023, 44960, 20022357
Frankel, Lois, P, FL22, 2023, 44998, 20022557
Frankel, Lois, P, FL22, 2023, 45019, 20022571
Frankel, Lois, P, FL22, 2023, 45044, 20022805
Frankel, Lois, P, FL22, 2023, 45065, 20022974
Frankel, Lois, P, FL22, 2023, 45101, 20023194
Frankel, Lois, P, FL22, 2023, 45135, 20023369
Frankel, Lois, P, FL22, 2023, 45164, 20023573
Frankel, Lois, P, FL22, 2023, 45209, 20023816
Franklin, C. Scott, P, FL18, 2023, 45211, 20023847
Franklin, Scott Mr, P, FL18, 2023, 44992, 20022530
Franklin, Scott Mr, P, FL18, 2023, 45069, 20022987
Fulcher, Russ, P, ID01, 2023, 45058, 20022919
Garcia, Michael, P, CA27, 2023, 44952, 20022325
Garcia, Michael, P, CA27, 2023, 45097, 20023182
Garcia, Michael, P, CA27, 2023, 45155, 20023553
Garcia, Michael, P, CA27, 2023, 45267, 20024110
Goldman, Daniel, P, NY10, 2023, 44981, 20022407
Goldman, Daniel, P, NY10, 2023, 45005, 20022480
Goldman, Daniel, P, NY10, 2023, 45033, 20022653
Goldman, Daniel, P, NY10, 2023, 45065, 20022948
Goldman, Daniel, P, NY10, 2023, 45092, 20023065
Goldman, Daniel, P, NY10, 2023, 45131, 20023253
Goldman, Daniel, P, NY10, 2023, 45151, 20023404
Goldman, Daniel, P, NY10, 2023, 45186, 20023677
Gottheimer, Josh, P, NJ05, 2023, 44939, 20022219
Gottheimer, Josh, P, NJ05, 2023, 44974, 20022412
Gottheimer, Josh, P, NJ05, 2023, 45002, 20022531
Gottheimer, Josh, P, NJ05, 2023, 45036, 20022683
Gottheimer, Josh, P, NJ05, 2023, 45065, 20022877
Gottheimer, Josh, P, NJ05, 2023, 45088, 20023087
Gottheimer, Josh, P, NJ05, 2023, 45118, 20023257
Gottheimer, Josh, P, NJ05, 2023, 45159, 20023500
Gottheimer, Josh, P, NJ05, 2023, 45185, 20023651
Gottheimer, Josh, P, NJ05, 2023, 45214, 20023833
Gottheimer, Josh, P, NJ05, 2023, 45241, 20023973
Gottheimer, Josh, P, NJ05, 2023, 45268, 20024097
Green, Mark Dr, P, TN07, 2023, 44935, 20022193
Green, Mark Dr, P, TN07, 2023, 44956, 20022322
Green, Mark Dr, P, TN07, 2023, 44962, 20022337
Green, Mark Dr, P, TN07, 2023, 44984, 20022463
Green, Mark Dr, P, TN07, 2023, 45017, 20022626
Green, Mark Dr, P, TN07, 2023, 45032, 20022725
Green, Mark Dr, P, TN07, 2023, 45072, 20022998
Green, Mark Dr, P, TN07, 2023, 45079, 20023055
Green, Mark Dr, P, TN07, 2023, 45082, 20023075
Green, Mark Dr, P, TN07, 2023, 45089, 20023119
Green, Mark Dr, P, TN07, 2023, 45107, 20023220
Green, Mark Dr, P, TN07, 2023, 45125, 20023329
Green, Mark Dr, P, TN07, 2023, 45131, 20023358
Green, Mark Dr, P, TN07, 2023, 45146, 20023441
Green, Mark Dr, P, TN07, 2023, 45152, 20023526
Grothman, Glenn S., P, WI06, 2023, 45104, 20023104
Guest, Michael Patrick, P, MS03, 2023, 44945, 20022270
Guest, Michael Patrick, P, MS03, 2023, 44981, 20022392
Guest, Michael Patrick, P, MS03, 2023, 45030, 20022701
Guest, Michael Patrick, P, MS03, 2023, 45121, 20023247
Guest, Michael Patrick, P, MS03, 2023, 45161, 20023442
Guest, Michael Patrick, P, MS03, 2023, 45250, 20023951
Guest, Michael Patrick, P, MS03, 2023, 45271, 20024107
Harshbarger, Diana, P, TN01, 2023, 45012, 20016496
Hern, Kevin, P, OK01, 2023, 44939, 20022285
Hern, Kevin, P, OK01, 2023, 44971, 20022430
Hern, Kevin, P, OK01, 2023, 45000, 20022580
Hern, Kevin, P, OK01, 2023, 45026, 20022699
Hern, Kevin, P, OK01, 2023, 45057, 20022908
Hern, Kevin, P, OK01, 2023, 45090, 20023136
Hern, Kevin, P, OK01, 2023, 45119, 20023303
Hern, Kevin, P, OK01, 2023, 45154, 20023532
Hern, Kevin, P, OK01, 2023, 45176, 20023641
Hern, Kevin, P, OK01, 2023, 45212, 20023848
Hern, Kevin, P, OK01, 2023, 45247, 20024020
Hern, Kevin, P, OK01, 2023, 45267, 20024104
Hill, James French, P, AR02, 2023, 44999, 20022189
Hill, James French, P, AR02, 2023, 45001, 20022579
Hill, James French, P, AR02, 2023, 45008, 20022591
Hill, James French, P, AR02, 2023, 45273, 20023412
Himes, James A., P, CT04, 2023, 44990, 20022515
Jackson, Jeff, P, NC14, 2023, 44974, 20022431
Jackson, Jonathan, P, IL01, 2023, 45058, 20022795
Jackson, Jonathan, P, IL01, 2023, 45083, 20023077
Jackson, Jonathan, P, IL01, 2023, 45114, 20023262
Jackson, Jonathan, P, IL01, 2023, 45147, 20023443
Jackson, Jonathan, P, IL01, 2023, 45180, 20023636
Jackson, Jonathan, P, IL01, 2023, 45231, 20023804
Jackson, Jonathan, P, IL01, 2023, 45246, 20023965
Jackson, Jonathan, P, IL01, 2023, 45264, 20024078
Jacobs, Christopher L., P, NY27, 2023, 44946, 20022265
Kaptur, Marcy, P, OH09, 2023, 45061, 20022886
Kean, Thomas H., P, NJ07, 2023, 44968, 20022373
Kean, Thomas H., P, NJ07, 2023, 44996, 20022550
Kean, Thomas H., P, NJ07, 2023, 45029, 20022704
Kean, Thomas H., P, NJ07, 2023, 45151, 20023455
Kean, Thomas H., P, NJ07, 2023, 45184, 20023671
Kean, Thomas H., P, NJ07, 2023, 45187, 20023717
Kean, Thomas H., P, NJ07, 2023, 45247, 20023986
Keating, William R., P, MA09, 2023, 44956, 20022340
Keating, William R., P, MA09, 2023, 44985, 20022490
Keating, William R., P, MA09, 2023, 45092, 20023143
Keating, William R., P, MA09, 2023, 45126, 20023339
Keating, William R., P, MA09, 2023, 45138, 20023410
Keating, William R., P, MA09, 2023, 45166, 20023537
Keating, William R., P, MA09, 2023, 45197, 20023752
Kelly, Mike, P, PA16, 2023, 45181, 20023670
Kelly, Mike, P, PA16, 2023, 45210, 20023829
Kelly, Mike, P, PA16, 2023, 45235, 20023960
Kelly, Mike, P, PA16, 2023, 45270, 20024120
Langevin, James R., P, RI02, 2023, 44935, 20022212
Larsen, Rick, P, WA02, 2023, 45072, 20000807
Larsen, Rick, P, WA02, 2023, 45077, 20023043
Larsen, Rick, P, WA02, 2023, 45101, 20023204
Larsen, Rick, P, WA02, 2023, 45124, 20023345
Larsen, Rick, P, WA02, 2023, 45210, 20023834
Larsen, Rick, P, WA02, 2023, 45210, 20023835
Latta, Robert E., P, OH05, 2023, 44962, 20022370
Latta, Robert E., P, OH05, 2023, 45046, 20022811
Latta, Robert E., P, OH05, 2023, 45079, 20023057
Latta, Robert E., P, OH05, 2023, 45143, 20023449
Latta, Robert E., P, OH05, 2023, 45220, 20023887
Lee, Susie, P, NV03, 2023, 45058, 20022841
Lee, Susie, P, NV03, 2023, 45072, 20023000
Lee, Susie, P, NV03, 2023, 45209, 20023722
Lesko, Debbie, P, AZ08, 2023, 44939, 20022221
Lesko, Debbie, P, AZ08, 2023, 45012, 20022623
Lofgren, Zoe, P, CA18, 2023, 45061, 20022637
Lofgren, Zoe, P, CA18, 2023, 45083, 20023083
Lynch, Stephen F., P, MA08, 2023, 45049, 20020981
Mann, Tracey Robert, P, KS01, 2023, 45072, 20022801
Manning, Kathy, P, NC06, 2023, 44936, 20022223
Manning, Kathy, P, NC06, 2023, 45027, 20022709
Manning, Kathy, P, NC06, 2023, 45065, 20022978
Manning, Kathy, P, NC06, 2023, 45140, 20023313
Manning, Kathy, P, NC06, 2023, 45177, 20023647
Manning, Kathy, P, NC06, 2023, 45266, 20024098
Matsui, Doris O., P, CA07, 2023, 45041, 20022771
Matsui, Doris O., P, CA07, 2023, 45084, 20023060
Matsui, Doris O., P, CA07, 2023, 45232, 20023891
Matsui, Doris O., P, CA07, 2023, 45250, 20023987
McClellan, Jennifer, P, VA04, 2023, 45078, 20022895
McGarvey, Morgan, P, KY03, 2023, 45008, 20022526
McGarvey, Morgan, P, KY03, 2023, 45028, 20022656
McGarvey, Morgan, P, KY03, 2023, 45195, 20023739
McGarvey, Morgan, P, KY03, 2023, 45246, 20023977
Meuser, Daniel, P, PA09, 2023, 45015, 20022636
Meuser, Daniel, P, PA09, 2023, 45041, 20022791
Meuser, Daniel, P, PA09, 2023, 45080, 20023070
Meuser, Daniel, P, PA09, 2023, 45103, 20023212
Meuser, Daniel, P, PA09, 2023, 45183, 20023678
Miller, Carol Devine, P, WV01, 2023, 45033, 20022751
Miller, Carol Devine, P, WV01, 2023, 45239, 20023947
Miller, Carol Devine, P, WV01, 2023, 45267, 20024109
Miller, Carol Devine, P, WV03, 2023, 44930, 20022224
Miller, Max, P, OH07, 2023, 45119, 20023296
Miller, Max, P, OH07, 2023, 45207, 20023822
Miller, Max, P, OH07, 2023, 45212, 20023851
Miller, Max, P, OH07, 2023, 45229, 20023911
Miller, Max, P, OH07, 2023, 45279, 20024175
Miller, Max, P, OH07, 2023, 45281, 20024189
Moore, Felix Barry, P, AL02, 2023, 45183, 20023711
Moskowitz, Jared, P, FL23, 2023, 44995, 20022533
Moskowitz, Jared, P, FL23, 2023, 45028, 20022682
Moskowitz, Jared, P, FL23, 2023, 45058, 20022887
Moskowitz, Jared, P, FL23, 2023, 45211, 20023846
Moulton, Seth, P, MA06, 2023, 44953, 20022261
Moulton, Seth, P, MA06, 2023, 44956, 20022343
Moulton, Seth, P, MA06, 2023, 44974, 20022451
Moulton, Seth, P, MA06, 2023, 45027, 20022611
Moulton, Seth, P, MA06, 2023, 45028, 20022724
Moulton, Seth, P, MA06, 2023, 45112, 20023219
Moulton, Seth, P, MA06, 2023, 45164, 20023528
Moulton, Seth, P, MA06, 2023, 45184, 20023624
Newhouse, Dan, P, WA04, 2023, 45072, 20023020
Norton, Eleanor Holmes, P, DC00, 2023, 45050, 20022858
Norton, Eleanor Holmes, P, DC00, 2023, 45118, 20023290
Norton, Eleanor Holmes, P, DC00, 2023, 45223, 20023893
Norton, Eleanor Holmes, P, DC00, 2023, 45288, 20024205
Pelosi, Nancy, P, CA11, 2023, 44951, 20022320
Pelosi, Nancy, P, CA11, 2023, 45022, 20022664
Pelosi, Nancy, P, CA11, 2023, 45083, 20023080
Pelosi, Nancy, P, CA11, 2023, 45099, 20023192
Pelosi, Nancy, P, CA11, 2023, 45281, 20024186
Pelosi, Nancy, P, CA12, 2023, 44938, 20022260
Peters, Scott H., P, CA50, 2023, 44970, 20022409
Peters, Scott H., P, CA50, 2023, 45013, 20022633
Peters, Scott H., P, CA50, 2023, 45029, 20022690
Peters, Scott H., P, CA50, 2023, 45056, 20022900
Peters, Scott H., P, CA50, 2023, 45090, 20023111
Peters, Scott H., P, CA50, 2023, 45121, 20023277
Peters, Scott H., P, CA50, 2023, 45150, 20023499
Peters, Scott H., P, CA50, 2023, 45183, 20023664
Peters, Scott H., P, CA50, 2023, 45212, 20023824
Peters, Scott H., P, CA50, 2023, 45245, 20023998
Peters, Scott H., P, CA50, 2023, 45274, 20024130
Pingree, Chellie, P, ME01, 2023, 45238, 20021327
Rodgers, Cathy McMorris, P, WA05, 2023, 45149, 20023504
Ross, Deborah, P, NC02, 2023, 44970, 20022421
Ross, Deborah, P, NC02, 2023, 45030, 20022738
Ross, Deborah, P, NC02, 2023, 45060, 20022808
Rutherford, John, P, FL05, 2023, 45071, 20023026
Rutherford, John, P, FL05, 2023, 45140, 20023426
Salazar, Maria Elvira, P, FL27, 2023, 44941, 20022272
Salazar, Maria Elvira, P, FL27, 2023, 44972, 20022414
Salazar, Maria Elvira, P, FL27, 2023, 45005, 20022596
Salazar, Maria Elvira, P, FL27, 2023, 45041, 20022756
Salazar, Maria Elvira, P, FL27, 2023, 45077, 20023045
Salazar, Maria Elvira, P, FL27, 2023, 45090, 20023146
Salazar, Maria Elvira, P, FL27, 2023, 45203, 20023797
Salazar, Maria Elvira, P, FL27, 2023, 45238, 20023976
Scanlon, Mary Gay, P, PA05, 2023, 45082, 20023019
Schneider, Bradley S., P, IL10, 2023, 45048, 20022745
Schneider, Bradley S., P, IL10, 2023, 45129, 20023178
Scott, Austin, P, GA08, 2023, 44949, 20022312
Sessions, Pete, P, TX17, 2023, 44928, 20022203
Sessions, Pete, P, TX17, 2023, 44943, 20022292
Sessions, Pete, P, TX17, 2023, 45083, 20023094
Sessions, Pete, P, TX17, 2023, 45100, 20023198
Sessions, Pete, P, TX17, 2023, 45103, 20023211
Sessions, Pete, P, TX17, 2023, 45122, 20023319
Sessions, Pete, P, TX17, 2023, 45134, 20023360
Sessions, Pete, P, TX17, 2023, 45155, 20023399
Sessions, Pete, P, TX17, 2023, 45174, 20023552
Sessions, Pete, P, TX17, 2023, 45192, 20023683
Sessions, Pete, P, TX17, 2023, 45212, 20023819
Sessions, Pete, P, TX17, 2023, 45237, 20023922
Sessions, Pete, P, TX17, 2023, 45237, 20023975
Sessions, Pete, P, TX17, 2023, 45286, 20024047
Sessions, Pete, P, TX17, 2023, 45288, 20024204
Sherrill, Mikie, P, NJ11, 2023, 44988, 20022508
Simpson, Michael K., P, ID02, 2023, 45058, 20021081
Smith, Adrian, P, NE03, 2023, 45069, 20023004
Smith, Adrian, P, NE03, 2023, 45133, 20023381
Spanberger, Abigail, P, VA07, 2023, 44988, 20022505
Spartz, Victoria, P, IN05, 2023, 44938, 20022269
Spartz, Victoria, P, IN05, 2023, 45046, 20022813
Spartz, Victoria, P, IN05, 2023, 45056, 20022905
Spartz, Victoria, P, IN05, 2023, 45056, 20022906
Spartz, Victoria, P, IN05, 2023, 45160, 20023570
Stanton, Greg, P, AZ04, 2023, 45239, 20023892
Stanton, Greg, P, AZ04, 2023, 45243, 20023994
Steube, Greg, P, FL17, 2023, 45000, 20022574
Steube, Greg, P, FL17, 2023, 45147, 20023452
Thanedar, Shri, P, MI13, 2023, 44966, 20022380
Trone, David, P, MD06, 2023, 45005, 20021261
Wasserman Schultz, Debbie, P, FL25, 2023, 44977, 20022454
Wasserman Schultz, Debbie, P, FL25, 2023, 45118, 20023283
Wittman, Robert J., P, VA01, 2023, 44931, 20022227
Wittman, Robert J., P, VA01, 2023, 44972, 20022437
Wittman, Robert J., P, VA01, 2023, 44990, 20022513
Wittman, Robert J., P, VA01, 2023, 45053, 20022746
Wittman, Robert J., P, VA01, 2023, 45086, 20023110
Wittman, Robert J., P, VA01, 2023, 45151, 20023474
Wittman, Robert J., P, VA01, 2023, 45199, 20023757
Wittman, Robert J., P, VA01, 2023, 45218, 20023861
Yakym, Rudy, P, IN02, 2023, 44960, 20022362
Yakym, Rudy, P, IN02, 2023, 45061, 20022969
Yakym, Rudy, P, IN02, 2023, 45093, 20023174
Yakym, Rudy, P, IN02, 2023, 45116, 20023267
Yakym, Rudy, P, IN02, 2023, 45148, 20023494
Yakym, Rudy, P, IN02, 2023, 45180, 20023658
Yakym, Rudy, P, IN02, 2023, 45211, 20023843
Yakym, Rudy, P, IN02, 2023, 45287, 20024203
Allen, Richard W., P, GA12, 2024, 45302, 20024277
Allen, Richard W., P, GA12, 2024, 45338, 20024458
Allen, Richard W., P, GA12, 2024, 45426, 20025031
Allen, Richard W., P, GA12, 2024, 45464, 20025287
Allen, Richard W., P, GA12, 2024, 45483, 20025411
Allen, Richard W., P, GA12, 2024, 45512, 20025601
Allen, Richard W., P, GA12, 2024, 45555, 20025875
Allen, Richard W., P, GA12, 2024, 45583, 20026031
Allen, Richard W., P, GA12, 2024, 45610, 20026191
Auchincloss, Jake, P, MA04, 2024, 45525, 20025708
Auchincloss, Jake, P, MA04, 2024, 45617, 20026246
Banks, James E Hon, P, IN03, 2024, 45516, 20025626
Barragan, Nanette, P, CA44, 2024, 45378, 20024750
Barragan, Nanette, P, CA44, 2024, 45407, 20024923
Bentz, Cliff, P, OR02, 2024, 45335, 20024492
Beyer, Donald Sternoff, P, VA08, 2024, 45382, 20024769
Beyer, Donald Sternoff, P, VA08, 2024, 45449, 20025133
Beyer, Donald Sternoff, P, VA08, 2024, 45539, 20025776
Beyer, Donald Sternoff, P, VA08, 2024, 45599, 20026134
Beyer, Donald Sternoff, P, VA08, 2024, 45633, 20026353
Bice, Stephanie, P, OK05, 2024, 45514, 20025620
Blumenauer, Earl, P, OR03, 2024, 45295, 20024254
Blumenauer, Earl, P, OR03, 2024, 45353, 20024580
Blumenauer, Earl, P, OR03, 2024, 45363, 20024671
Blumenauer, Earl, P, OR03, 2024, 45386, 20024797
Blumenauer, Earl, P, OR03, 2024, 45416, 20024984
Blumenauer, Earl, P, OR03, 2024, 45449, 20025194
Blumenauer, Earl, P, OR03, 2024, 45449, 20025219
Blumenauer, Earl, P, OR03, 2024, 45479, 20025403
Blumenauer, Earl, P, OR03, 2024, 45510, 20025603
Blumenauer, Earl, P, OR03, 2024, 45541, 20025787
Blumenauer, Earl, P, OR03, 2024, 45573, 20025970
Blumenauer, Earl, P, OR03, 2024, 45601, 20026141
Blumenauer, Earl, P, OR03, 2024, 45633, 20026347
Burgess, Michael C., P, TX26, 2024, 45299, 20024265
Burgess, Michael C., P, TX26, 2024, 45313, 20024330
Burgess, Michael C., P, TX26, 2024, 45327, 20024437
Burgess, Michael C., P, TX26, 2024, 45358, 20024627
Burgess, Michael C., P, TX26, 2024, 45373, 20024722
Burgess, Michael C., P, TX26, 2024, 45392, 20024838
Burgess, Michael C., P, TX26, 2024, 45414, 20024966
Burgess, Michael C., P, TX26, 2024, 45504, 20025548
Burgess, Michael C., P, TX26, 2024, 45516, 20025605
Burgess, Michael C., P, TX26, 2024, 45559, 20025791
Burgess, Michael C., P, TX26, 2024, 45566, 20025942
Carter, Earl Leroy, P, GA01, 2024, 45455, 20025257
Carter, Earl Leroy, P, GA01, 2024, 45471, 20025349
Carter, Earl Leroy, P, GA01, 2024, 45497, 20025499
Casten, Sean, P, IL06, 2024, 45307, 20023805
Casten, Sean, P, IL06, 2024, 45513, 20025384
Casten, Sean, P, IL06, 2024, 45531, 20025700
Castor, Kathy, P, FL14, 2024, 45379, 20024754
Castor, Kathy, P, FL14, 2024, 45488, 20025475
Chu, Judy, P, CA28, 2024, 45312, 20024347
Clark, Katherine M., P, MA05, 2024, 45334, 20024435
Clark, Katherine M., P, MA05, 2024, 45356, 20024588
Clark, Katherine M., P, MA05, 2024, 45386, 20024795
Cohen, Steve, P, TN09, 2024, 45295, 20024188
Cohen, Steve, P, TN09, 2024, 45350, 20024540
Collins, Michael A., P, GA10, 2024, 45300, 20024275
Collins, Michael A., P, GA10, 2024, 45457, 20025282
Collins, Michael A., P, GA10, 2024, 45484, 20025446
Collins, Michael A., P, GA10, 2024, 45529, 20025729
Collins, Michael A., P, GA10, 2024, 45603, 20026127
Collins, Michael A., P, GA10, 2024, 45628, 20026303
Connolly, Gerald E., P, VA11, 2024, 45373, 20024728
Connolly, Gerald E., P, VA11, 2024, 45478, 20025404
Connolly, Gerald E., P, VA11, 2024, 45576, 20026009
DelBene, Suzan K., P, WA01, 2024, 45313, 20024317
DelBene, Suzan K., P, WA01, 2024, 45327, 20024425
DelBene, Suzan K., P, WA01, 2024, 45343, 20024495
DelBene, Suzan K., P, WA01, 2024, 45359, 20024581
DelBene, Suzan K., P, WA01, 2024, 45453, 20025178
DelBene, Suzan K., P, WA01, 2024, 45463, 20025312
DelBene, Suzan K., P, WA01, 2024, 45484, 20025379
DelBene, Suzan K., P, WA01, 2024, 45510, 20025568
DelBene, Suzan K., P, WA01, 2024, 45527, 20025705
DelBene, Suzan K., P, WA01, 2024, 45544, 20025768
DelBene, Suzan K., P, WA01, 2024, 45569, 20025940
DelBene, Suzan K., P, WA01, 2024, 45603, 20026123
DelBene, Suzan K., P, WA01, 2024, 45617, 20026238
DelBene, Suzan K., P, WA01, 2024, 45649, 20026423
Dingell, Debbie, P, MI06, 2024, 45337, 20024270
Dingell, Debbie, P, MI06, 2024, 45428, 20025056
Dingell, Debbie, P, MI06, 2024, 45467, 20025306
Dingell, Debbie, P, MI06, 2024, 45605, 20026160
Doggett, Lloyd, P, TX37, 2024, 45299, 20024268
Doggett, Lloyd, P, TX37, 2024, 45356, 20024611
Doggett, Lloyd, P, TX37, 2024, 45391, 20024839
Doggett, Lloyd, P, TX37, 2024, 45418, 20024997
Doggett, Lloyd, P, TX37, 2024, 45448, 20025202
Doggett, Lloyd, P, TX37, 2024, 45476, 20025397
Doggett, Lloyd, P, TX37, 2024, 45509, 20025592
Doggett, Lloyd, P, TX37, 2024, 45544, 20025822
Doggett, Lloyd, P, TX37, 2024, 45575, 20026002
Doggett, Lloyd, P, TX37, 2024, 45601, 20026151
Doggett, Lloyd, P, TX37, 2024, 45630, 20026322
Donalds, Byron, P, FL19, 2024, 45603, 20026099
Duncan, Jeff, P, SC03, 2024, 45435, 20000788
Dunn, MD, FACS, Neal Patrick, P, FL02, 2024, 45434, 20025104
Dunn, MD, FACS, Neal Patrick, P, FL02, 2024, 45603, 20026140
Dunn, MD, FACS, Neal Patrick, P, FL02, 2024, 45642, 20026250
Evans, Dwight, P, PA03, 2024, 45308, 20024324
Foxx, Virginia, P, NC05, 2024, 45295, 20024230
Foxx, Virginia, P, NC05, 2024, 45327, 20024424
Foxx, Virginia, P, NC05, 2024, 45358, 20024596
Foxx, Virginia, P, NC05, 2024, 45392, 20024825
Foxx, Virginia, P, NC05, 2024, 45418, 20024996
Foxx, Virginia, P, NC05, 2024, 45449, 20025200
Foxx, Virginia, P, NC05, 2024, 45510, 20025588
Foxx, Virginia, P, NC05, 2024, 45539, 20025771
Foxx, Virginia, P, NC05, 2024, 45586, 20026032
Foxx, Virginia, P, NC05, 2024, 45608, 20026124
Foxx, Virginia, P, NC05, 2024, 45637, 20026376
Frankel, Lois, P, FL22, 2024, 45426, 20025035
Franklin, C. Scott, P, FL18, 2024, 45405, 20024916
Franklin, C. Scott, P, FL18, 2024, 45445, 20025170
Franklin, C. Scott, P, FL18, 2024, 45524, 20025711
Franklin, C. Scott, P, FL18, 2024, 45580, 20026020
Gallego, Ruben, P, AZ03, 2024, 45517, 20025670
Garcia, Michael, P, CA27, 2024, 45363, 20024673
Garcia, Michael, P, CA27, 2024, 45513, 20025632
Gooden, Lance, P, TX05, 2024, 45541, 20025806
Gooden, Lance, P, TX05, 2024, 45638, 20026382
Gottheimer, Josh, P, NJ05, 2024, 45298, 20024248
Gottheimer, Josh, P, NJ05, 2024, 45337, 20024461
Gottheimer, Josh, P, NJ05, 2024, 45358, 20024612
Gottheimer, Josh, P, NJ05, 2024, 45389, 20024801
Gottheimer, Josh, P, NJ05, 2024, 45427, 20025020
Gottheimer, Josh, P, NJ05, 2024, 45451, 20025207
Gottheimer, Josh, P, NJ05, 2024, 45482, 20025419
Gottheimer, Josh, P, NJ05, 2024, 45519, 20025678
Gottheimer, Josh, P, NJ05, 2024, 45546, 20025804
Gottheimer, Josh, P, NJ05, 2024, 45568, 20025953
Gottheimer, Josh, P, NJ05, 2024, 45602, 20026154
Gottheimer, Josh, P, NJ05, 2024, 45631, 20026314
Graves, Garret, P, LA06, 2024, 45337, 20024517
Green, Mark Dr, P, TN07, 2024, 45308, 20024062
Green, Mark Dr, P, TN07, 2024, 45323, 20024413
Green, Mark Dr, P, TN07, 2024, 45351, 20024572
Green, Mark Dr, P, TN07, 2024, 45364, 20024677
Green, Mark Dr, P, TN07, 2024, 45389, 20024800
Green, Mark Dr, P, TN07, 2024, 45419, 20024954
Green, Mark Dr, P, TN07, 2024, 45426, 20025064
Green, Mark Dr, P, TN07, 2024, 45455, 20025255
Green, Mark Dr, P, TN07, 2024, 45482, 20025429
Green, Mark Dr, P, TN07, 2024, 45515, 20025614
Green, Mark Dr, P, TN07, 2024, 45546, 20025797
Green, Mark Dr, P, TN07, 2024, 45569, 20025948
Green, Mark Dr, P, TN07, 2024, 45594, 20026092
Green, Mark Dr, P, TN07, 2024, 45643, 20026418
Greene, Marjorie Taylor Mrs, P, GA14, 2024, 45413, 20024924
Greene, Marjorie Taylor Mrs, P, GA14, 2024, 45421, 20025021
Greene, Marjorie Taylor Mrs, P, GA14, 2024, 45433, 20025108
Greene, Marjorie Taylor Mrs, P, GA14, 2024, 45470, 20025337
Greene, Marjorie Taylor Mrs, P, GA14, 2024, 45497, 20025518
Greene, Marjorie Taylor Mrs, P, GA14, 2024, 45506, 20025572
Greene, Marjorie Taylor Mrs, P, GA14, 2024, 45518, 20025675
Greene, Marjorie Taylor Mrs, P, GA14, 2024, 45526, 20025722
Greene, Marjorie Taylor Mrs, P, GA14, 2024, 45539, 20025777
Greene, Marjorie Taylor Mrs, P, GA14, 2024, 45544, 20025821
Greene, Marjorie Taylor Mrs, P, GA14, 2024, 45558, 20025889
Greene, Marjorie Taylor Mrs, P, GA14, 2024, 45573, 20025986
Greene, Marjorie Taylor Mrs, P, GA14, 2024, 45575, 20025998
Greene, Marjorie Taylor Mrs, P, GA14, 2024, 45587, 20026059
Greene, Marjorie Taylor Mrs, P, GA14, 2024, 45600, 20026149
Greene, Marjorie Taylor Mrs, P, GA14, 2024, 45604, 20026174
Greene, Marjorie Taylor Mrs, P, GA14, 2024, 45617, 20026257
Greene, Marjorie Taylor Mrs, P, GA14, 2024, 45623, 20026281
Greene, Marjorie Taylor Mrs, P, GA14, 2024, 45643, 20026428
Greene, Marjorie Taylor Mrs, P, GA14, 2024, 45653, 20026473
Grothman, Glenn S., P, WI06, 2024, 45426, 20025026
Guest, Michael Patrick, P, MS03, 2024, 45363, 20024622
Guest, Michael Patrick, P, MS03, 2024, 45646, 20026412
Hern, Kevin, P, OK01, 2024, 45304, 20024305
Hern, Kevin, P, OK01, 2024, 45333, 20024481
Hern, Kevin, P, OK01, 2024, 45363, 20024669
Hern, Kevin, P, OK01, 2024, 45394, 20024869
Hern, Kevin, P, OK01, 2024, 45424, 20025040
Hern, Kevin, P, OK01, 2024, 45450, 20025232
Hern, Kevin, P, OK01, 2024, 45488, 20025473
Hern, Kevin, P, OK01, 2024, 45514, 20025634
Hern, Kevin, P, OK01, 2024, 45581, 20026033
Hern, Kevin, P, OK01, 2024, 45611, 20026222
Hern, Kevin, P, OK01, 2024, 45642, 20026415
Hill, James French, P, AR02, 2024, 45301, 20024215
Issa, Darrell E., P, CA48, 2024, 45560, 20025909
Issa, Darrell E., P, CA48, 2024, 45561, 20025913
Jackson, Jonathan, P, IL01, 2024, 45303, 20024253
Jackson, Jonathan, P, IL01, 2024, 45337, 20024450
Jackson, Jonathan, P, IL01, 2024, 45370, 20024606
Jackson, Jonathan, P, IL01, 2024, 45406, 20024811
Jackson, Jonathan, P, IL01, 2024, 45419, 20025000
Jackson, Jonathan, P, IL01, 2024, 45516, 20025635
Jackson, Jonathan, P, IL01, 2024, 45555, 20025792
Jackson, Jonathan, P, IL01, 2024, 45576, 20025938
Jackson, Jonathan, P, IL01, 2024, 45625, 20026125
Jackson, Jonathan, P, IL01, 2024, 45638, 20026313
James, John, P, MI10, 2024, 45537, 20025719
James, John, P, MI10, 2024, 45541, 20025799
Joyce, David P., P, OH14, 2024, 45510, 20021523
Joyce, David P., P, OH14, 2024, 45644, 20026440
Kean, Thomas H., P, NJ07, 2024, 45317, 20024309
Kean, Thomas H., P, NJ07, 2024, 45342, 20024509
Kean, Thomas H., P, NJ07, 2024, 45369, 20024685
Kean, Thomas H., P, NJ07, 2024, 45442, 20025059
Kean, Thomas H., P, NJ07, 2024, 45461, 20025291
Kean, Thomas H., P, NJ07, 2024, 45493, 20025478
Kean, Thomas H., P, NJ07, 2024, 45517, 20025671
Kean, Thomas H., P, NJ07, 2024, 45523, 20025681
Kean, Thomas H., P, NJ07, 2024, 45555, 20025886
Kean, Thomas H., P, NJ07, 2024, 45580, 20026021
Kean, Thomas H., P, NJ07, 2024, 45642, 20026408
Keating, William R., P, MA09, 2024, 45307, 20023767
Keating, William R., P, MA09, 2024, 45327, 20024445
Keating, William R., P, MA09, 2024, 45363, 20024668
Keating, William R., P, MA09, 2024, 45414, 20024852
Keating, William R., P, MA09, 2024, 45434, 20025119
Keating, William R., P, MA09, 2024, 45464, 20025226
Keating, William R., P, MA09, 2024, 45559, 20025891
Keating, William R., P, MA09, 2024, 45602, 20026091
Kelly, Mike, P, PA16, 2024, 45303, 20024300
Kelly, Mike, P, PA16, 2024, 45335, 20024494
Kelly, Mike, P, PA16, 2024, 45362, 20024654
Kelly, Mike, P, PA16, 2024, 45457, 20025280
Kelly, Mike, P, PA16, 2024, 45476, 20025281
Kelly, Mike, P, PA16, 2024, 45517, 20025660
Kelly, Mike, P, PA16, 2024, 45517, 20025661
Kelly, Mike, P, PA16, 2024, 45538, 20025773
Kelly, Mike, P, PA16, 2024, 45580, 20026023
Kelly, Mike, P, PA16, 2024, 45609, 20026212
Kelly, Mike, P, PA16, 2024, 45638, 20026380
LaHood, Darin McKay, P, IL16, 2024, 45562, 20025916
Landsman, Greg, P, OH01, 2024, 45518, 20025622
Landsman, Greg, P, OH01, 2024, 45558, 20025834
Landsman, Greg, P, OH01, 2024, 45579, 20025946
Landsman, Greg, P, OH01, 2024, 45610, 20026101
Landsman, Greg, P, OH01, 2024, 45638, 20026361
Larsen, Rick, P, WA02, 2024, 45310, 20024339
Larsen, Rick, P, WA02, 2024, 45392, 20024842
Larsen, Rick, P, WA02, 2024, 45490, 20025486
Latta, Robert E., P, OH05, 2024, 45336, 20024505
Latta, Robert E., P, OH05, 2024, 45402, 20024901
Latta, Robert E., P, OH05, 2024, 45452, 20025238
Latta, Robert E., P, OH05, 2024, 45494, 20025507
Latta, Robert E., P, OH05, 2024, 45603, 20026165
Lee, Laurel, P, FL15, 2024, 45549, 20025714
Lee, Laurel, P, FL15, 2024, 45617, 20026063
Lee, Laurel Mrs, P, FL15, 2024, 45295, 20024249
Lee, Laurel Mrs, P, FL15, 2024, 45437, 20025116
Lee, Laurel Mrs, P, FL15, 2024, 45509, 20025546
Lee, Susie, P, NV03, 2024, 45436, 20025096
Lynch, Stephen F., P, MA08, 2024, 45421, 20025025
Lynch, Stephen F., P, MA08, 2024, 45435, 20025123
Lynch, Stephen F., P, MA08, 2024, 45511, 20025563
Magaziner, Seth, P, RI02, 2024, 45475, 20025372
Mann, Tracey Robert, P, KS01, 2024, 45387, 20024810
Manning, Kathy, P, NC06, 2024, 45303, 20024231
Manning, Kathy, P, NC06, 2024, 45328, 20024436
Manning, Kathy, P, NC06, 2024, 45355, 20024604
Manning, Kathy, P, NC06, 2024, 45415, 20024982
Manning, Kathy, P, NC06, 2024, 45434, 20025112
Manning, Kathy, P, NC06, 2024, 45479, 20025373
Manning, Kathy, P, NC06, 2024, 45520, 20025679
Manning, Kathy, P, NC06, 2024, 45539, 20025770
Manning, Kathy, P, NC06, 2024, 45570, 20025959
Manning, Kathy, P, NC06, 2024, 45601, 20026143
Mast, Brian, P, FL21, 2024, 45377, 20024743
Matsui, Doris O., P, CA07, 2024, 45317, 20024369
Matsui, Doris O., P, CA07, 2024, 45435, 20025111
Matsui, Doris O., P, CA07, 2024, 45447, 20025152
Matsui, Doris O., P, CA07, 2024, 45544, 20025820
McGarvey, Morgan, P, KY03, 2024, 45476, 20025388
McGarvey, Morgan, P, KY03, 2024, 45538, 20025765
McGarvey, Morgan, P, KY03, 2024, 45560, 20025892
McGarvey, Morgan, P, KY03, 2024, 45609, 20026207
McGarvey, Morgan, P, KY03, 2024, 45636, 20026360
Meuser, Daniel, P, PA09, 2024, 45372, 20024710
Meuser, Daniel, P, PA09, 2024, 45425, 20025061
Meuser, Daniel, P, PA09, 2024, 45507, 20025438
Miller, Carol Devine, P, WV01, 2024, 45448, 20025203
Miller, Carol Devine, P, WV01, 2024, 45548, 20025855
Miller, Max, P, OH07, 2024, 45317, 20024380
Miller, Max, P, OH07, 2024, 45331, 20024472
Miller, Max, P, OH07, 2024, 45338, 20024519
Miller, Max, P, OH07, 2024, 45369, 20024705
Miller, Max, P, OH07, 2024, 45383, 20024772
Miller, Max, P, OH07, 2024, 45467, 20025328
Miller, Max, P, OH07, 2024, 45471, 20025345
Miller, Max, P, OH07, 2024, 45532, 20025740
Miller, Max, P, OH07, 2024, 45545, 20025831
Miller, Max, P, OH07, 2024, 45593, 20026090
Miller, Max, P, OH07, 2024, 45593, 20026097
Miller, Max, P, OH07, 2024, 45611, 20026231
Miller, Max, P, OH07, 2024, 45631, 20026340
Miller, Max, P, OH07, 2024, 45655, 20026480
Moore, Blake, P, UT01, 2024, 45315, 20024354
Moore, Felix Barry, P, AL02, 2024, 45400, 20024836
Moskowitz, Jared, P, FL23, 2024, 45313, 20024286
Moskowitz, Jared, P, FL23, 2024, 45510, 20024672
Moskowitz, Jared, P, FL23, 2024, 45523, 20025680
Moskowitz, Jared, P, FL23, 2024, 45525, 20025712
Moskowitz, Jared, P, FL23, 2024, 45635, 20026346
Newhouse, Dan, P, WA04, 2024, 45407, 20024917
Norton, Eleanor Holmes, P, DC00, 2024, 45397, 20024876
Norton, Eleanor Holmes, P, DC00, 2024, 45425, 20025052
Norton, Eleanor Holmes, P, DC00, 2024, 45425, 20025053
Norton, Eleanor Holmes, P, DC00, 2024, 45433, 20025107
Norton, Eleanor Holmes, P, DC00, 2024, 45540, 20025789
Paulina Luna, Anna, P, FL13, 2024, 45432, 20025103
Pelosi, Nancy, P, CA11, 2024, 45345, 20024542
Pelosi, Nancy, P, CA11, 2024, 45372, 20024625
Pelosi, Nancy, P, CA11, 2024, 45475, 20025368
Pelosi, Nancy, P, CA11, 2024, 45503, 20025535
Pelosi, Nancy, P, CA11, 2024, 45546, 20025819
Peters, Scott H., P, CA50, 2024, 45313, 20024316
Peters, Scott H., P, CA50, 2024, 45337, 20024477
Peters, Scott H., P, CA50, 2024, 45362, 20024662
Peters, Scott H., P, CA50, 2024, 45399, 20024837
Peters, Scott H., P, CA50, 2024, 45425, 20025037
Peters, Scott H., P, CA50, 2024, 45468, 20025285
Peters, Scott H., P, CA50, 2024, 45488, 20025424
Peters, Scott H., P, CA50, 2024, 45511, 20025576
Peters, Scott H., P, CA50, 2024, 45547, 20025827
Peters, Scott H., P, CA50, 2024, 45581, 20026016
Peters, Scott H., P, CA50, 2024, 45611, 20026188
Peters, Scott H., P, CA50, 2024, 45642, 20026393
Phillips, Dean, P, MN03, 2024, 45463, 20025240
Phillips, Dean, P, MN03, 2024, 45505, 20025466
Pingree, Chellie, P, ME01, 2024, 45328, 20024446
Pingree, Chellie, P, ME01, 2024, 45392, 20024846
Pingree, Chellie, P, ME01, 2024, 45420, 20025006
Pingree, Chellie, P, ME01, 2024, 45475, 20025371
Pingree, Chellie, P, ME01, 2024, 45540, 20025785
Pingree, Chellie, P, ME01, 2024, 45609, 20026150
Pocan, Mark, P, WI02, 2024, 45379, 20024758
Raskin, Jamie, P, MD08, 2024, 45485, 20025439
Ross, Deborah, P, NC02, 2024, 45417, 20024986
Roy, Chip, P, TX21, 2024, 45393, 20024848
Roy, Chip, P, TX21, 2024, 45453, 20025201
Salazar, Maria Elvira, P, FL27, 2024, 45303, 20024296
Salazar, Maria Elvira, P, FL27, 2024, 45330, 20024465
Salazar, Maria Elvira, P, FL27, 2024, 45361, 20024649
Salazar, Maria Elvira, P, FL27, 2024, 45420, 20025014
Salazar, Maria Elvira, P, FL27, 2024, 45453, 20025236
Salazar, Maria Elvira, P, FL27, 2024, 45546, 20025813
Salazar, Maria Elvira, P, FL27, 2024, 45607, 20026184
Sessions, Pete, P, TX17, 2024, 45315, 20024212
Sessions, Pete, P, TX17, 2024, 45351, 20024375
Sessions, Pete, P, TX17, 2024, 45358, 20024632
Sessions, Pete, P, TX17, 2024, 45434, 20025115
Sessions, Pete, P, TX17, 2024, 45449, 20025214
Sessions, Pete, P, TX17, 2024, 45547, 20025848
Sessions, Pete, P, TX17, 2024, 45551, 20025867
Sessions, Pete, P, TX17, 2024, 45597, 20026126
Sessions, Pete, P, TX17, 2024, 45645, 20026446
Sherrill, Mikie, P, NJ11, 2024, 45425, 20025065
Sherrill, Mikie, P, NJ11, 2024, 45427, 20025087
Smith, Adrian, P, NE03, 2024, 45352, 20024577
Spanberger, Abigail, P, VA07, 2024, 45448, 20025205
Spanberger, Abigail, P, VA07, 2024, 45449, 20025224
Spartz, Victoria, P, IN05, 2024, 45337, 20024515
Spartz, Victoria, P, IN05, 2024, 45498, 20025519
Spartz, Victoria, P, IN05, 2024, 45600, 20026136
Steube, Greg, P, FL17, 2024, 45366, 20024660
Steube, Greg, P, FL17, 2024, 45388, 20024787
Suozzi, Thomas R., P, NY03, 2024, 45384, 20024271
Suozzi, Thomas R., P, NY03, 2024, 45589, 20026077
Suozzi, Thomas R., P, NY03, 2024, 45603, 20026168
Suozzi, Thomas R., P, NY03, 2024, 45608, 20026202
Suozzi, Thomas R., P, NY03, 2024, 45608, 20026203
Thanedar, Shri, P, MI13, 2024, 45345, 20024468
Thanedar, Shri, P, MI13, 2024, 45427, 20024862
Trone, David, P, MD06, 2024, 45427, 20024730
Wasserman Schultz, Debbie, P, FL25, 2024, 45322, 20024403
Wasserman Schultz, Debbie, P, FL25, 2024, 45453, 20025179
Wasserman Schultz, Debbie, P, FL25, 2024, 45474, 20025360
Wasserman Schultz, Debbie, P, FL25, 2024, 45540, 20025793
Wasserman Schultz, Debbie, P, FL25, 2024, 45616, 20026247
Webster, Daniel, P, FL11, 2024, 45453, 20025243
Williams, Brandon McDonald, P, NY22, 2024, 45475, 20025387
Williams, Brandon McDonald, P, NY22, 2024, 45483, 20025437
Williams, Roger, P, TX25, 2024, 45455, 20025151
Yakym, Rudy, P, IN02, 2024, 45313, 20024353
Yakym, Rudy, P, IN02, 2024, 45320, 20024392
Yakym, Rudy, P, IN02, 2024, 45443, 20025165
Yakym, Rudy, P, IN02, 2024, 45471, 20025348
Yakym, Rudy, P, IN02, 2024, 45484, 20025448
Yakym, Rudy, P, IN02, 2024, 45509, 20025597
Yakym, Rudy, P, IN02, 2024, 45545, 20025829
Yakym, Rudy, P, IN02, 2024, 45561, 20025910
Yakym, Rudy, P, IN02, 2024, 45582, 20026036
Yakym, Rudy, P, IN02, 2024, 45629, 20026310
Yakym, Rudy, P, IN02, 2024, 45629, 20026311
Aderholt, Robert B., P, AL04, 2025, 45910, 20032062
Allen, Richard W., P, GA12, 2025, 45673, 20026537
Allen, Richard W., P, GA12, 2025, 45708, 20026727
Allen, Richard W., P, GA12, 2025, 45728, 20027927
Allen, Richard W., P, GA12, 2025, 45792, 20030316
Allen, Richard W., P, GA12, 2025, 45826, 20030502
Allen, Richard W., P, GA12, 2025, 45853, 20030608
Allen, Richard W., P, GA12, 2025, 45880, 20030850
Allen, Richard W., P, GA12, 2025, 45912, 20032052
Allen, Richard W., P, GA12, 2025, 45937, 20032204
Allen, Richard W., P, GA12, 2025, 45974, 20033415
Allen, Richard W., P, GA12, 2025, 46000, 20033589
Auchincloss, Jake, P, MA04, 2025, 45709, 20027810
Auchincloss, Jake, P, MA04, 2025, 45799, 20030397
Auchincloss, Jake, P, MA04, 2025, 45896, 20030976
Auchincloss, Jake, P, MA04, 2025, 45979, 20033492
Bentz, Cliff, P, OR02, 2025, 45847, 20030646
Beyer, Donald Sternoff, P, VA08, 2025, 45663, 20026517
Beyer, Donald Sternoff, P, VA08, 2025, 45724, 20027932
Beyer, Donald Sternoff, P, VA08, 2025, 45779, 20030262
Beyer, Donald Sternoff, P, VA08, 2025, 45871, 20030746
Beyer, Donald Sternoff, P, VA08, 2025, 45932, 20032200
Beyer, Donald Sternoff, P, VA08, 2025, 45963, 20033325
Biggs, Sheri, P, SC03, 2025, 45935, 20032149
Biggs, Sheri, P, SC03, 2025, 45961, 20033379
Biggs, Sheri, P, SC03, 2025, 45995, 20033579
Biggs, Sheri, P, SC03, 2025, 46020, 20033694
Bresnahan, Rob, P, PA08, 2025, 45701, 20024346
Bresnahan, Rob, P, PA08, 2025, 45723, 20027923
Bresnahan, Rob, P, PA08, 2025, 45726, 20027940
Bresnahan, Rob, P, PA08, 2025, 45743, 20029034
Bresnahan, Rob, P, PA08, 2025, 45756, 20029055
Bresnahan, Rob, P, PA08, 2025, 45769, 20030212
Bresnahan, Rob, P, PA08, 2025, 45775, 20030238
Bresnahan, Rob, P, PA08, 2025, 45785, 20030291
Bresnahan, Rob, P, PA08, 2025, 45788, 20030312
Bresnahan, Rob, P, PA08, 2025, 45789, 20030336
Bresnahan, Rob, P, PA08, 2025, 45808, 20030433
Bresnahan, Rob, P, PA08, 2025, 45817, 20030482
Bresnahan, Rob, P, PA08, 2025, 45831, 20030546
Bresnahan, Rob, P, PA08, 2025, 45846, 20030635
Bresnahan, Rob, P, PA08, 2025, 45894, 20030857
Bresnahan, Rob, P, PA08, 2025, 45898, 20030998
Bresnahan, Rob, P, PA08, 2025, 45944, 20032276
Bresnahan, Rob, P, PA08, 2025, 46010, 20033574
Carter, Earl Leroy, P, GA01, 2025, 45722, 20027913
Carter, Earl Leroy, P, GA01, 2025, 45770, 20030215
Carter, Earl Leroy, P, GA01, 2025, 45846, 20030632
Case, Ed, P, HI01, 2025, 46015, 20033691
Chu, Judy, P, CA28, 2025, 45899, 20031001
Cisneros, Gilbert, P, CA31, 2025, 45699, 20026726
Cisneros, Gilbert, P, CA31, 2025, 45722, 20027891
Cisneros, Gilbert, P, CA31, 2025, 45754, 20029026
Cisneros, Gilbert, P, CA31, 2025, 45783, 20030288
Cisneros, Gilbert, P, CA31, 2025, 45814, 20030461
Cisneros, Gilbert, P, CA31, 2025, 45848, 20030634
Cisneros, Gilbert, P, CA31, 2025, 45883, 20030901
Cisneros, Gilbert, P, CA31, 2025, 45912, 20031022
Cisneros, Gilbert, P, CA31, 2025, 45940, 20032248
Cisneros, Gilbert, P, CA31, 2025, 45979, 20033455
Cisneros, Gilbert, P, CA31, 2025, 46006, 20033619
Clark, Katherine M., P, MA05, 2025, 45933, 20032205
Clark, Katherine M., P, MA05, 2025, 45967, 20033393
Cohen, Steve, P, TN09, 2025, 45667, 20026548
Cohen, Steve, P, TN09, 2025, 45748, 20028025
Cohen, Steve, P, TN09, 2025, 45805, 20030416
Cohen, Steve, P, TN09, 2025, 45912, 20031011
Cohen, Steve, P, TN09, 2025, 46007, 20033572
Collins, Michael A., P, GA10, 2025, 45658, 20026489
Collins, Michael A., P, GA10, 2025, 45690, 20026696
Collins, Michael A., P, GA10, 2025, 45709, 20027820
Collins, Michael A., P, GA10, 2025, 45728, 20027962
Collins, Michael A., P, GA10, 2025, 45758, 20029130
Collins, Michael A., P, GA10, 2025, 45778, 20029131
Collins, Michael A., P, GA10, 2025, 45810, 20030439
Collins, Michael A., P, GA10, 2025, 45813, 20030466
Collins, Michael A., P, GA10, 2025, 45845, 20030622
Collins, Michael A., P, GA10, 2025, 45857, 20030692
Collins, Michael A., P, GA10, 2025, 45902, 20031007
Comer, James, P, KY01, 2025, 45667, 20018054
Comer, James, P, KY01, 2025, 45699, 20026750
Comer, James, P, KY01, 2025, 45880, 20030716
Connolly, Gerald E., P, VA11, 2025, 45694, 20026724
Connolly, Gerald E., P, VA11, 2025, 45794, 20030388
Delaney, April McClain, P, MD06, 2025, 45736, 20027975
Delaney, April McClain, P, MD06, 2025, 45749, 20029059
Delaney, April McClain, P, MD06, 2025, 45779, 20030265
Delaney, April McClain, P, MD06, 2025, 45810, 20030442
Delaney, April McClain, P, MD06, 2025, 45840, 20030592
Delaney, April McClain, P, MD06, 2025, 45874, 20030832
Delaney, April McClain, P, MD06, 2025, 45902, 20031013
Delaney, April McClain, P, MD06, 2025, 45936, 20032233
Delaney, April McClain, P, MD06, 2025, 45965, 20033408
Delaney, April McClain, P, MD06, 2025, 45999, 20033604
DelBene, Suzan K., P, WA01, 2025, 45697, 20026602
DelBene, Suzan K., P, WA01, 2025, 45713, 20027807
DelBene, Suzan K., P, WA01, 2025, 45742, 20027999
DelBene, Suzan K., P, WA01, 2025, 45757, 20029070
DelBene, Suzan K., P, WA01, 2025, 45784, 20030289
DelBene, Suzan K., P, WA01, 2025, 45816, 20030444
DelBene, Suzan K., P, WA01, 2025, 45832, 20030541
DelBene, Suzan K., P, WA01, 2025, 45855, 20030619
DelBene, Suzan K., P, WA01, 2025, 45878, 20030826
DelBene, Suzan K., P, WA01, 2025, 45898, 20030955
DelBene, Suzan K., P, WA01, 2025, 45928, 20032102
DelBene, Suzan K., P, WA01, 2025, 45943, 20032245
DelBene, Suzan K., P, WA01, 2025, 45960, 20033335
DelBene, Suzan K., P, WA01, 2025, 45973, 20033431
DelBene, Suzan K., P, WA01, 2025, 45999, 20033587
DesJarlais, Scott, P, TN04, 2025, 45979, 20033490
Dingell, Debbie, P, MI06, 2025, 45684, 20026647
Dingell, Debbie, P, MI06, 2025, 45749, 20029053
Dingell, Debbie, P, MI06, 2025, 45997, 20029105
Doggett, Lloyd, P, TX37, 2025, 45665, 20026535
Doggett, Lloyd, P, TX37, 2025, 45726, 20027935
Doggett, Lloyd, P, TX37, 2025, 45754, 20029088
Doggett, Lloyd, P, TX37, 2025, 45782, 20030285
Doggett, Lloyd, P, TX37, 2025, 45812, 20030454
Doggett, Lloyd, P, TX37, 2025, 45845, 20030618
Doggett, Lloyd, P, TX37, 2025, 45873, 20030820
Donalds, Byron, P, FL19, 2025, 45698, 20026712
Donalds, Byron, P, FL19, 2025, 45741, 20027903
Donalds, Byron, P, FL19, 2025, 45761, 20029092
Donalds, Byron, P, FL19, 2025, 45801, 20030342
Donalds, Byron, P, FL19, 2025, 45905, 20032038
Donalds, Byron, P, FL19, 2025, 45937, 20032234
Donalds, Byron, P, FL19, 2025, 45979, 20033491
Dunn, Neal Patrick MD, Facs, P, FL02, 2025, 45726, 20027895
Dunn, Neal Patrick MD, Facs, P, FL02, 2025, 45750, 20029068
Dunn, Neal Patrick MD, Facs, P, FL02, 2025, 45882, 20030735
Dunn, Neal Patrick MD, Facs, P, FL02, 2025, 45931, 20032191
Evans, Dwight, P, PA03, 2025, 45749, 20029062
Evans, Dwight, P, PA03, 2025, 45764, 20030179
Evans, Dwight, P, PA03, 2025, 45960, 20033370
Evans, Dwight, P, PA03, 2025, 46010, 20033667
Fields, Cleo, P, LA06, 2025, 45730, 20027855
Fields, Cleo, P, LA06, 2025, 45839, 20030472
Fields, Cleo, P, LA06, 2025, 45875, 20030803
Fields, Cleo, P, LA06, 2025, 45903, 20031017
Fields, Cleo, P, LA06, 2025, 45930, 20032106
Fields, Cleo, P, LA06, 2025, 45960, 20033326
Fields, Cleo, P, LA06, 2025, 45973, 20033424
Fields, Cleo, P, LA06, 2025, 45980, 20033493
Fields, Cleo, P, LA06, 2025, 46001, 20033559
Fields, Cleo, P, LA06, 2025, 46008, 20033616
Foxx, Virginia, P, NC05, 2025, 45663, 20026516
Foxx, Virginia, P, NC05, 2025, 45719, 20027876
Foxx, Virginia, P, NC05, 2025, 45751, 20029061
Foxx, Virginia, P, NC05, 2025, 45811, 20030450
Foxx, Virginia, P, NC05, 2025, 45841, 20030587
Foxx, Virginia, P, NC05, 2025, 45908, 20032040
Foxx, Virginia, P, NC05, 2025, 45936, 20032215
Foxx, Virginia, P, NC05, 2025, 45992, 20033553
Franklin, Scott Scott, P, FL18, 2025, 45711, 20027834
Franklin, Scott Scott, P, FL18, 2025, 45734, 20027995
Franklin, Scott Scott, P, FL18, 2025, 45758, 20029132
Franklin, Scott Scott, P, FL18, 2025, 45764, 20030187
Franklin, Scott Scott, P, FL18, 2025, 45810, 20030445
Franklin, Scott Scott, P, FL18, 2025, 45841, 20030494
Franklin, Scott Scott, P, FL18, 2025, 45852, 20030670
Franklin, Scott Scott, P, FL18, 2025, 45869, 20030778
Franklin, Scott Scott, P, FL18, 2025, 45883, 20030918
Franklin, Scott Scott, P, FL18, 2025, 45952, 20033327
Friedman, Laura, P, CA30, 2025, 45909, 20032051
Friedman, Laura, P, CA30, 2025, 45938, 20032250
Garbarino, Andrew, P, NY02, 2025, 45890, 20030952
Gill, Brandon, P, TX26, 2025, 45807, 20030417
Gill, Brandon, P, TX26, 2025, 45848, 20030641
Gill, Brandon, P, TX26, 2025, 45881, 20030889
Gill, Brandon, P, TX26, 2025, 45979, 20033476
Goldman, Daniel, P, NY10, 2025, 45744, 20027916
Gottheimer, Josh, P, NJ05, 2025, 45671, 20026533
Gottheimer, Josh, P, NJ05, 2025, 45698, 20026732
Gottheimer, Josh, P, NJ05, 2025, 45722, 20027901
Gottheimer, Josh, P, NJ05, 2025, 45757, 20029083
Gottheimer, Josh, P, NJ05, 2025, 45791, 20030338
Gottheimer, Josh, P, NJ05, 2025, 45819, 20030462
Gottheimer, Josh, P, NJ05, 2025, 45854, 20030621
Gottheimer, Josh, P, NJ05, 2025, 45880, 20030848
Gottheimer, Josh, P, NJ05, 2025, 45905, 20031032
Gottheimer, Josh, P, NJ05, 2025, 45945, 20032246
Gottheimer, Josh, P, NJ05, 2025, 45978, 20033398
Gottheimer, Josh, P, NJ05, 2025, 46020, 20033576
Green, Mark Dr, P, TN07, 2025, 45670, 20026538
Green, Mark Dr, P, TN07, 2025, 45694, 20026701
Green, Mark Dr, P, TN07, 2025, 45716, 20027845
Green, Mark Dr, P, TN07, 2025, 45721, 20027900
Green, Mark Dr, P, TN07, 2025, 45755, 20029097
Green, Mark Dr, P, TN07, 2025, 45789, 20030331
Green, Mark Dr, P, TN07, 2025, 45814, 20030441
Green, Mark Dr, P, TN07, 2025, 45854, 20030579
Greene, Marjorie Taylor, P, GA14, 2025, 45684, 20026658
Greene, Marjorie Taylor, P, GA14, 2025, 45702, 20026791
Greene, Marjorie Taylor, P, GA14, 2025, 45725, 20027933
Greene, Marjorie Taylor, P, GA14, 2025, 45735, 20028002
Greene, Marjorie Taylor, P, GA14, 2025, 45739, 20028016
Greene, Marjorie Taylor, P, GA14, 2025, 45742, 20029028
Greene, Marjorie Taylor, P, GA14, 2025, 45754, 20029089
Greene, Marjorie Taylor, P, GA14, 2025, 45758, 20029138
Greene, Marjorie Taylor, P, GA14, 2025, 45783, 20030295
Greene, Marjorie Taylor, P, GA14, 2025, 45796, 20030389
Greene, Marjorie Taylor, P, GA14, 2025, 45826, 20030539
Greene, Marjorie Taylor, P, GA14, 2025, 45831, 20030548
Greene, Marjorie Taylor, P, GA14, 2025, 45860, 20030711
Greene, Marjorie Taylor, P, GA14, 2025, 45884, 20030924
Greene, Marjorie Taylor, P, GA14, 2025, 45884, 20030925
Greene, Marjorie Taylor, P, GA14, 2025, 45889, 20030944
Greene, Marjorie Taylor, P, GA14, 2025, 45898, 20030996
Greene, Marjorie Taylor, P, GA14, 2025, 45927, 20032174
Greene, Marjorie Taylor, P, GA14, 2025, 45950, 20033314
Greene, Marjorie Taylor, P, GA14, 2025, 45958, 20033360
Greene, Marjorie Taylor, P, GA14, 2025, 45968, 20033428
Greene, Marjorie Taylor, P, GA14, 2025, 45974, 20033462
Greene, Marjorie Taylor, P, GA14, 2025, 45980, 20033505
Greene, Marjorie Taylor, P, GA14, 2025, 45993, 20033570
Greene, Marjorie Taylor, P, GA14, 2025, 46007, 20033649
Guest, Michael Patrick, P, MS03, 2025, 45980, 20033416
Hern, Kevin, P, OK01, 2025, 45672, 20026597
Hern, Kevin, P, OK01, 2025, 45702, 20026794
Hern, Kevin, P, OK01, 2025, 45770, 20030185
Hern, Kevin, P, OK01, 2025, 45790, 20030339
Hern, Kevin, P, OK01, 2025, 45946, 20032284
Hern, Kevin, P, OK01, 2025, 45977, 20033458
Hill, James French, P, AR02, 2025, 45692, 20026706
Hill, James French, P, AR02, 2025, 45862, 20030551
Hoyle, Valerie, P, OR04, 2025, 45912, 20032070
Hoyle, Valerie, P, OR04, 2025, 45940, 20032211
Issa, Darrell E., P, CA48, 2025, 45764, 20030181
Jackson, Jonathan, P, IL01, 2025, 45673, 20026545
Jackson, Jonathan, P, IL01, 2025, 45755, 20029065
Jackson, Jonathan, P, IL01, 2025, 45790, 20030283
Jackson, Jonathan, P, IL01, 2025, 45821, 20030452
Jackson, Jonathan, P, IL01, 2025, 45852, 20030599
Jackson, Jonathan, P, IL01, 2025, 45894, 20030860
Jackson, Jonathan, P, IL01, 2025, 45923, 20031023
Jackson, Jonathan, P, IL01, 2025, 45945, 20032232
Jackson, Jonathan, P, IL01, 2025, 45971, 20033409
Jackson, Jonathan, P, IL01, 2025, 45996, 20033566
Johnson, Julie, P, TX32, 2025, 45700, 20026762
Johnson, Julie, P, TX32, 2025, 45728, 20027936
Johnson, Julie, P, TX32, 2025, 45761, 20029064
Johnson, Julie, P, TX32, 2025, 45791, 20030296
Johnson, Julie, P, TX32, 2025, 45821, 20030474
Johnson, Julie, P, TX32, 2025, 45852, 20030647
Johnson, Julie, P, TX32, 2025, 45883, 20030909
Johnson, Julie, P, TX32, 2025, 45911, 20032066
Johnson, Julie, P, TX32, 2025, 45937, 20032242
Johnson, Julie, P, TX32, 2025, 45975, 20033420
Johnson, Julie, P, TX32, 2025, 46002, 20033611
Joyce, David P., P, OH14, 2025, 45695, 20026736
Kean, Thomas H., P, NJ07, 2025, 45679, 20026591
Kean, Thomas H., P, NJ07, 2025, 45707, 20026802
Kean, Thomas H., P, NJ07, 2025, 45730, 20027931
Kean, Thomas H., P, NJ07, 2025, 45765, 20030155
Kean, Thomas H., P, NJ07, 2025, 45792, 20030275
Kean, Thomas H., P, NJ07, 2025, 45825, 20030491
Kean, Thomas H., P, NJ07, 2025, 45854, 20030671
Kean, Thomas H., P, NJ07, 2025, 45889, 20030946
Kean, Thomas H., P, NJ07, 2025, 45918, 20032089
Kean, Thomas H., P, NJ07, 2025, 45944, 20032269
Kean, Thomas H., P, NJ07, 2025, 45978, 20033474
Kean, Thomas H., P, NJ07, 2025, 46010, 20033659
Keating, William R., P, MA09, 2025, 45672, 20026556
Keating, William R., P, MA09, 2025, 45713, 20027837
Keating, William R., P, MA09, 2025, 45737, 20028007
Keating, William R., P, MA09, 2025, 45831, 20030174
Keating, William R., P, MA09, 2025, 45904, 20031014
Keating, William R., P, MA09, 2025, 46007, 20033628
Kelly, Mike, P, PA16, 2025, 45666, 20026550
Kelly, Mike, P, PA16, 2025, 45702, 20026792
Kelly, Mike, P, PA16, 2025, 45847, 20030639
Kelly, Mike, P, PA16, 2025, 45881, 20030892
Kelly, Mike, P, PA16, 2025, 45939, 20032254
Kelly, Mike, P, PA16, 2025, 45972, 20033447
Kelly, Mike, P, PA16, 2025, 46000, 20033615
Kennedy, Mike, P, UT03, 2025, 45828, 20030542
Knott, Brad, P, NC13, 2025, 45713, 20027846
Landsman, Greg, P, OH01, 2025, 45672, 20026551
Landsman, Greg, P, OH01, 2025, 45721, 20027885
Landsman, Greg, P, OH01, 2025, 45755, 20029084
Landsman, Greg, P, OH01, 2025, 45790, 20030207
Larsen, Rick, P, WA02, 2025, 45671, 20026587
Larsen, Rick, P, WA02, 2025, 45762, 20030158
Larsen, Rick, P, WA02, 2025, 45946, 20032298
Latta, Robert E., P, OH05, 2025, 45681, 20026650
Latta, Robert E., P, OH05, 2025, 45774, 20030234
Latta, Robert E., P, OH05, 2025, 45816, 20030480
Latta, Robert E., P, OH05, 2025, 45863, 20030730
Latta, Robert E., P, OH05, 2025, 45957, 20033346
Lee, Laurel, P, FL15, 2025, 45664, 20026513
Lee, Laurel, P, FL15, 2025, 45830, 20030458
Lee, Laurel, P, FL15, 2025, 45878, 20030810
Lee, Laurel, P, FL15, 2025, 45880, 20030875
Lee, Susie, P, NV03, 2025, 45730, 20027805
Lee, Susie, P, NV03, 2025, 45758, 20029082
Lee, Susie, P, NV03, 2025, 45848, 20030558
Lee, Susie, P, NV03, 2025, 45891, 20030822
Manning, Kathy, P, NC06, 2025, 45684, 20026638
Manning, Kathy, P, NC06, 2025, 45768, 20029046
McClain, Lisa, P, MI09, 2025, 45882, 20030891
McClain, Lisa, P, MI09, 2025, 45912, 20030932
McClain, Lisa, P, MI09, 2025, 45952, 20032129
McClain, Lisa, P, MI09, 2025, 45982, 20033446
McCormick, Richard Dean Dr, P, GA06, 2025, 45917, 20030699
McCormick, Richard Dean Dr, P, GA06, 2025, 45939, 20032255
McCormick, Richard Dean Dr, P, GA06, 2025, 46000, 20033610
McGuire, John, P, VA05, 2025, 45793, 20016861
McGuire, John, P, VA05, 2025, 45820, 20030509
McGuire, John, P, VA05, 2025, 45848, 20030620
Meuser, Daniel, P, PA09, 2025, 45882, 20030884
Meuser, Daniel, P, PA09, 2025, 45889, 20030922
Miller, Carol Devine, P, WV01, 2025, 45758, 20029135
Miller, Max, P, OH07, 2025, 45688, 20026684
Miller, Max, P, OH07, 2025, 45712, 20027838
Miller, Max, P, OH07, 2025, 45743, 20029035
Miller, Max, P, OH07, 2025, 45775, 20030236
Miller, Max, P, OH07, 2025, 45799, 20030401
Miller, Max, P, OH07, 2025, 45839, 20030585
Miller, Max, P, OH07, 2025, 45865, 20030742
Miller, Max, P, OH07, 2025, 45897, 20030989
Miller, Max, P, OH07, 2025, 45958, 20032187
Min, Dave, P, CA47, 2025, 45761, 20029100
Moore, Tim, P, NC14, 2025, 45703, 20026796
Moore, Tim, P, NC14, 2025, 45727, 20027944
Moore, Tim, P, NC14, 2025, 45761, 20029134
Moore, Tim, P, NC14, 2025, 45821, 20030516
Moore, Tim, P, NC14, 2025, 45821, 20030522
Moore, Tim, P, NC14, 2025, 45847, 20030637
Moore, Tim, P, NC14, 2025, 45874, 20030824
Moore, Tim, P, NC14, 2025, 45903, 20031020
Moore, Tim, P, NC14, 2025, 45940, 20032256
Moore, Tim, P, NC14, 2025, 45973, 20033413
Moore, Tim, P, NC14, 2025, 45993, 20033564
Moore, Tim, P, NC14, 2025, 46010, 20033670
Morrison, Kelly Louise, P, MN03, 2025, 45690, 20026695
Morrison, Kelly Louise, P, MN03, 2025, 45726, 20027907
Morrison, Kelly Louise, P, MN03, 2025, 45727, 20027951
Morrison, Kelly Louise, P, MN03, 2025, 45751, 20029067
Morrison, Kelly Louise, P, MN03, 2025, 45758, 20029121
Morrison, Kelly Louise, P, MN03, 2025, 45782, 20030267
Morrison, Kelly Louise, P, MN03, 2025, 45790, 20030313
Morrison, Kelly Louise, P, MN03, 2025, 45812, 20030448
Morrison, Kelly Louise, P, MN03, 2025, 45826, 20030475
Morrison, Kelly Louise, P, MN03, 2025, 45872, 20030802
Morrison, Kelly Louise, P, MN03, 2025, 45888, 20030893
Morrison, Kelly Louise, P, MN03, 2025, 45911, 20032061
Morrison, Kelly Louise, P, MN03, 2025, 45967, 20033425
Morrison, Kelly Louise, P, MN03, 2025, 46010, 20033651
Moskowitz, Jared, P, FL23, 2025, 45698, 20026731
Moskowitz, Jared, P, FL23, 2025, 45722, 20027896
Moskowitz, Jared, P, FL23, 2025, 45755, 20029079
Moskowitz, Jared, P, FL23, 2025, 45786, 20030282
Moskowitz, Jared, P, FL23, 2025, 45835, 20030455
Moskowitz, Jared, P, FL23, 2025, 45983, 20033421
Moulton, Seth, P, MA06, 2025, 45874, 20030756
Newhouse, Dan, P, WA04, 2025, 45793, 20030292
Newhouse, Dan, P, WA04, 2025, 45917, 20032091
Norcross, Donald W., P, NJ01, 2025, 45904, 20030894
Norton, Eleanor Holmes, P, DC00, 2025, 45727, 20027950
Norton, Eleanor Holmes, P, DC00, 2025, 45951, 20033318
Pelosi, Nancy, P, CA11, 2025, 45674, 20026590
Pelosi, Nancy, P, CA11, 2025, 45847, 20030630
Pelosi, Nancy, P, CA11, 2025, 45954, 20033337
Peters, Scott H., P, CA50, 2025, 45672, 20026577
Peters, Scott H., P, CA50, 2025, 45706, 20026774
Peters, Scott H., P, CA50, 2025, 45730, 20027961
Peters, Scott H., P, CA50, 2025, 45765, 20029120
Peters, Scott H., P, CA50, 2025, 45793, 20030340
Peters, Scott H., P, CA50, 2025, 45831, 20030517
Peters, Scott H., P, CA50, 2025, 45854, 20030663
Peters, Scott H., P, CA50, 2025, 45880, 20030876
Peters, Scott H., P, CA50, 2025, 45915, 20032054
Peters, Scott H., P, CA50, 2025, 45947, 20032283
Peters, Scott H., P, CA50, 2025, 45975, 20033472
Peters, Scott H., P, CA50, 2025, 46002, 20033588
Pfluger, August Lee, P, TX11, 2025, 45703, 20021220
Pfluger, August Lee, P, TX11, 2025, 45861, 20030714
Pfluger, August Lee, P, TX11, 2025, 45882, 20030737
Pingree, Chellie, P, ME01, 2025, 45819, 20030492
Pingree, Chellie, P, ME01, 2025, 45965, 20033402
Randall, Emily, P, WA06, 2025, 45699, 20026756
Reschenthaler, Guy Mr, P, PA14, 2025, 45666, 20026547
Reschenthaler, Guy Mr, P, PA14, 2025, 45776, 20030237
Reschenthaler, Guy Mr, P, PA14, 2025, 45797, 20030371
Rose, John W., P, TN06, 2025, 45842, 20030610
Rose, John W., P, TN06, 2025, 45842, 20030611
Ryan, Patrick, P, NY18, 2025, 45940, 20030800
Schneider, Bradley S., P, IL10, 2025, 45721, 20027911
Schneider, Bradley S., P, IL10, 2025, 45839, 20030591
Schneider, Bradley S., P, IL10, 2025, 45840, 20030594
Scott, Austin, P, GA08, 2025, 45882, 20030902
Sessions, Pete, P, TX17, 2025, 45829, 20030544
Sessions, Pete, P, TX17, 2025, 45915, 20032080
Sessions, Pete, P, TX17, 2025, 45952, 20033330
Sessions, Pete, P, TX17, 2025, 45968, 20033427
Sewell, Terri A., P, AL07, 2025, 45789, 20030235
Sherrill, Mikie, P, NJ11, 2025, 45726, 20027937
Shreve, Jefferson, P, IN06, 2025, 45700, 20026770
Shreve, Jefferson, P, IN06, 2025, 45725, 20027879
Shreve, Jefferson, P, IN06, 2025, 45758, 20029038
Shreve, Jefferson, P, IN06, 2025, 45785, 20030231
Shreve, Jefferson, P, IN06, 2025, 45830, 20030387
Shreve, Jefferson, P, IN06, 2025, 46005, 20033575
Shreve, Jefferson, P, IN06, 2025, 46021, 20033699
Shreve, Jefferson, P, IN06, 2025, 46022, 20033700
Smith, Adam, P, WA09, 2025, 45877, 20030868
Spartz, Victoria, P, IN05, 2025, 45698, 20026754
Spartz, Victoria, P, IN05, 2025, 45773, 20030233
Stauber, Peter Allen, P, MN08, 2025, 45982, 20033488
Steube, Greg, P, FL17, 2025, 45751, 20024927
Steube, Greg, P, FL17, 2025, 45854, 20030673
Suozzi, Thomas, P, NY03, 2025, 45768, 20030188
Suozzi, Thomas, P, NY03, 2025, 45882, 20030307
Suozzi, Thomas, P, NY03, 2025, 45951, 20033321
Suozzi, Thomas, P, NY03, 2025, 45964, 20033394
Suozzi, Thomas, P, NY03, 2025, 45992, 20033565
Taylor, David J., P, OH02, 2025, 45750, 20029060
Taylor, David J., P, OH02, 2025, 45750, 20029069
Taylor, David J., P, OH02, 2025, 45810, 20030402
Taylor, David J., P, OH02, 2025, 45834, 20030567
Taylor, David J., P, OH02, 2025, 45902, 20030782
Taylor, David J., P, OH02, 2025, 45916, 20032094
Taylor, David J., P, OH02, 2025, 45937, 20032236
Taylor, David J., P, OH02, 2025, 45964, 20033395
Taylor, David J., P, OH02, 2025, 45979, 20033495
Taylor, David J., P, OH02, 2025, 45996, 20033590
Taylor, David J., P, OH02, 2025, 46010, 20033666
Thanedar, Shri, P, MI13, 2025, 45880, 20030869
Torres, Ritchie John, P, NY15, 2025, 45889, 20030930
Wagner, Ann, P, MO02, 2025, 45965, 20033403
Waltz, Michael, P, FL06, 2025, 45680, 20026639
Wasserman Schultz, Debbie, P, FL25, 2025, 45722, 20027912
Wasserman Schultz, Debbie, P, FL25, 2025, 45839, 20030577
Wasserman Schultz, Debbie, P, FL25, 2025, 45863, 20030600
Wasserman Schultz, Debbie, P, FL25, 2025, 45875, 20030839
Wasserman Schultz, Debbie, P, FL25, 2025, 45887, 20030929
Wasserman Schultz, Debbie, P, FL25, 2025, 45936, 20032087
Wasserman Schultz, Debbie, P, FL25, 2025, 45936, 20032230
Wasserman Schultz, Debbie, P, FL25, 2025, 45954, 20033320
Wasserman Schultz, Debbie, P, FL25, 2025, 45999, 20033581
Westerman, Bruce, P, AR04, 2025, 45763, 20030146
Westerman, Bruce, P, AR04, 2025, 45789, 20030332
Whitesides, George, P, CA27, 2025, 45770, 20027982
Whitesides, George, P, CA27, 2025, 45882, 20030886
Williams, Roger, P, TX25, 2025, 45717, 20027867
Yakym, Rudy C., P, IN02, 2025, 45685, 20026666
Yakym, Rudy C., P, IN02, 2025, 45785, 20030311
Yakym, Rudy C., P, IN02, 2025, 45887, 20030933
Yakym, Rudy C., P, IN02, 2025, 46014, 20033684